target,selection_view,family,family_label,model,n_features,feature,signed_coef,abs_coef,coef_rank_abs
Depression_label,best_en,B0_rho05_vaderfull,B0: rho>0.5 + full VADER hist,logreg_l2_liblinear_C0.02_bal,82,sentiment_overall,-0.23331182503732456,0.23331182503732456,1
Depression_label,best_en,B0_rho05_vaderfull,B0: rho>0.5 + full VADER hist,logreg_l2_liblinear_C0.02_bal,82,vader_hist_bin_08,0.10196243350523318,0.10196243350523318,2
Depression_label,best_en,B0_rho05_vaderfull,B0: rho>0.5 + full VADER hist,logreg_l2_liblinear_C0.02_bal,82,vader_hist_bin_13,0.09525124471284098,0.09525124471284098,3
Depression_label,best_en,B0_rho05_vaderfull,B0: rho>0.5 + full VADER hist,logreg_l2_liblinear_C0.02_bal,82,vader_pos_tail_mass,-0.08879768398049438,0.08879768398049438,4
Depression_label,best_en,B0_rho05_vaderfull,B0: rho>0.5 + full VADER hist,logreg_l2_liblinear_C0.02_bal,82,vader_hist_bin_10,0.07837730301119769,0.07837730301119769,5
Depression_label,best_en,B0_rho05_vaderfull,B0: rho>0.5 + full VADER hist,logreg_l2_liblinear_C0.02_bal,82,first_person_sentiment_positive,-0.07605678425015695,0.07605678425015695,6
Depression_label,best_en,B0_rho05_vaderfull,B0: rho>0.5 + full VADER hist,logreg_l2_liblinear_C0.02_bal,82,first_person_sentiment_negative,0.07557330528923438,0.07557330528923438,7
Depression_label,best_en,B0_rho05_vaderfull,B0: rho>0.5 + full VADER hist,logreg_l2_liblinear_C0.02_bal,82,sentiment_pos,-0.07371438042125772,0.07371438042125772,8
Depression_label,best_en,B0_rho05_vaderfull,B0: rho>0.5 + full VADER hist,logreg_l2_liblinear_C0.02_bal,82,vader_hist_bin_20,-0.07198760613263276,0.07198760613263276,9
Depression_label,best_en,B0_rho05_vaderfull,B0: rho>0.5 + full VADER hist,logreg_l2_liblinear_C0.02_bal,82,first_person_sentiment_overall,-0.07078900155349759,0.07078900155349759,10
Depression_label,best_en,B0_rho05_vaderfull,B0: rho>0.5 + full VADER hist,logreg_l2_liblinear_C0.02_bal,82,vader_hist_bin_21,-0.06991835153203965,0.06991835153203965,11
Depression_label,best_en,B0_rho05_vaderfull,B0: rho>0.5 + full VADER hist,logreg_l2_liblinear_C0.02_bal,82,vader_hist_bin_18,-0.06872311301826584,0.06872311301826584,12
Depression_label,best_en,B0_rho05_vaderfull,B0: rho>0.5 + full VADER hist,logreg_l2_liblinear_C0.02_bal,82,vader_hist_bin_22,-0.06854472565819604,0.06854472565819604,13
Depression_label,best_en,B0_rho05_vaderfull,B0: rho>0.5 + full VADER hist,logreg_l2_liblinear_C0.02_bal,82,sentiment_neg,0.066989354737873,0.066989354737873,14
Depression_label,best_en,B0_rho05_vaderfull,B0: rho>0.5 + full VADER hist,logreg_l2_liblinear_C0.02_bal,82,vader_hist_bin_14,-0.06525629150307308,0.06525629150307308,15
Depression_label,best_en,B0_rho05_vaderfull,B0: rho>0.5 + full VADER hist,logreg_l2_liblinear_C0.02_bal,82,sentiment_vader_neg,0.06498767133989466,0.06498767133989466,16
Depression_label,best_en,B0_rho05_vaderfull,B0: rho>0.5 + full VADER hist,logreg_l2_liblinear_C0.02_bal,82,phrase_repeat_percentage,-0.060242303012382196,0.060242303012382196,17
Depression_label,best_en,B0_rho05_vaderfull,B0: rho>0.5 + full VADER hist,logreg_l2_liblinear_C0.02_bal,82,vader_neg_tail_mass,0.05520624561342623,0.05520624561342623,18
Depression_label,best_en,B0_rho05_vaderfull,B0: rho>0.5 + full VADER hist,logreg_l2_liblinear_C0.02_bal,82,first_person_sentiment_overall_vader,-0.05520167782850858,0.05520167782850858,19
Depression_label,best_en,B0_rho05_vaderfull,B0: rho>0.5 + full VADER hist,logreg_l2_liblinear_C0.02_bal,82,first_person_sentiment_positive_vader,-0.05337974209179799,0.05337974209179799,20
Depression_label,best_en,B0_rho05_vaderfull,B0: rho>0.5 + full VADER hist,logreg_l2_liblinear_C0.02_bal,82,sentiment_vader_pos,-0.05329352112638105,0.05329352112638105,21
Depression_label,best_en,B0_rho05_vaderfull,B0: rho>0.5 + full VADER hist,logreg_l2_liblinear_C0.02_bal,82,first_order_sentence_tangeniality_var,-0.047972228636276315,0.047972228636276315,22
Depression_label,best_en,B0_rho05_vaderfull,B0: rho>0.5 + full VADER hist,logreg_l2_liblinear_C0.02_bal,82,vader_hist_bin_07,0.047056798757452514,0.047056798757452514,23
Depression_label,best_en,B0_rho05_vaderfull,B0: rho>0.5 + full VADER hist,logreg_l2_liblinear_C0.02_bal,82,vader_hist_bin_04,0.045577179856216156,0.045577179856216156,24
Depression_label,best_en,B0_rho05_vaderfull,B0: rho>0.5 + full VADER hist,logreg_l2_liblinear_C0.02_bal,82,vader_hist_bin_23,-0.042360248548148016,0.042360248548148016,25
Depression_label,best_en,B0_rho05_vaderfull,B0: rho>0.5 + full VADER hist,logreg_l2_liblinear_C0.02_bal,82,vader_hist_bin_02,0.0407621059051554,0.0407621059051554,26
Depression_label,best_en,B0_rho05_vaderfull,B0: rho>0.5 + full VADER hist,logreg_l2_liblinear_C0.02_bal,82,syllables_per_min,-0.03957694997986775,0.03957694997986775,27
Depression_label,best_en,B0_rho05_vaderfull,B0: rho>0.5 + full VADER hist,logreg_l2_liblinear_C0.02_bal,82,first_person_sentiment_negative_vader,0.037888386244728144,0.037888386244728144,28
Depression_label,best_en,B0_rho05_vaderfull,B0: rho>0.5 + full VADER hist,logreg_l2_liblinear_C0.02_bal,82,first_person_percentage,0.036272021526658184,0.036272021526658184,29
Depression_label,best_en,B0_rho05_vaderfull,B0: rho>0.5 + full VADER hist,logreg_l2_liblinear_C0.02_bal,82,vader_neutral_mass,0.03507611768859559,0.03507611768859559,30
Depression_label,best_en,B0_rho05_vaderfull,B0: rho>0.5 + full VADER hist,logreg_l2_liblinear_C0.02_bal,82,vader_hist_bin_12,0.03467325412833072,0.03467325412833072,31
Depression_label,best_en,B0_rho05_vaderfull,B0: rho>0.5 + full VADER hist,logreg_l2_liblinear_C0.02_bal,82,words_per_min,-0.03456303436948047,0.03456303436948047,32
Depression_label,best_en,B0_rho05_vaderfull,B0: rho>0.5 + full VADER hist,logreg_l2_liblinear_C0.02_bal,82,mean_pre_word_pause,0.03412697955296088,0.03412697955296088,33
Depression_label,best_en,B0_rho05_vaderfull,B0: rho>0.5 + full VADER hist,logreg_l2_liblinear_C0.02_bal,82,vader_hist_bin_03,0.03370098703217523,0.03370098703217523,34
Depression_label,best_en,B0_rho05_vaderfull,B0: rho>0.5 + full VADER hist,logreg_l2_liblinear_C0.02_bal,82,word_repeat_percentage,-0.03167600425619768,0.03167600425619768,35
Depression_label,best_en,B0_rho05_vaderfull,B0: rho>0.5 + full VADER hist,logreg_l2_liblinear_C0.02_bal,82,vader_hist_bin_06,0.02931194497389781,0.02931194497389781,36
Depression_label,best_en,B0_rho05_vaderfull,B0: rho>0.5 + full VADER hist,logreg_l2_liblinear_C0.02_bal,82,semantic_perplexity_var,0.02803602375810596,0.02803602375810596,37
Depression_label,best_en,B0_rho05_vaderfull,B0: rho>0.5 + full VADER hist,logreg_l2_liblinear_C0.02_bal,82,mean_pause_variability,0.02623171367812918,0.02623171367812918,38
Depression_label,best_en,B0_rho05_vaderfull,B0: rho>0.5 + full VADER hist,logreg_l2_liblinear_C0.02_bal,82,mean_turn_length_words,-0.026177105363648645,0.026177105363648645,39
Depression_label,best_en,B0_rho05_vaderfull,B0: rho>0.5 + full VADER hist,logreg_l2_liblinear_C0.02_bal,82,speaker_percentage,-0.024042787790592518,0.024042787790592518,40
Depression_label,best_en,B0_rho05_vaderfull,B0: rho>0.5 + full VADER hist,logreg_l2_liblinear_C0.02_bal,82,turn_to_previous_speaker_turn_similarity_var,-0.021725712216810366,0.021725712216810366,41
Depression_label,best_en,B0_rho05_vaderfull,B0: rho>0.5 + full VADER hist,logreg_l2_liblinear_C0.02_bal,82,turn_to_turn_tangeniality_slope,0.021279012029781504,0.021279012029781504,42
Depression_label,best_en,B0_rho05_vaderfull,B0: rho>0.5 + full VADER hist,logreg_l2_liblinear_C0.02_bal,82,turn_to_previous_speaker_turn_similarity_slope,-0.020587941427027252,0.020587941427027252,43
Depression_label,best_en,B0_rho05_vaderfull,B0: rho>0.5 + full VADER hist,logreg_l2_liblinear_C0.02_bal,82,num_turns,0.02041653470481242,0.02041653470481242,44
Depression_label,best_en,B0_rho05_vaderfull,B0: rho>0.5 + full VADER hist,logreg_l2_liblinear_C0.02_bal,82,semantic_perplexity_mean,0.01757258709727573,0.01757258709727573,45
Depression_label,best_en,B0_rho05_vaderfull,B0: rho>0.5 + full VADER hist,logreg_l2_liblinear_C0.02_bal,82,speech_length_words,-0.016681091649127726,0.016681091649127726,46
Depression_label,best_en,B0_rho05_vaderfull,B0: rho>0.5 + full VADER hist,logreg_l2_liblinear_C0.02_bal,82,num_interrupts,-0.015830623079583665,0.015830623079583665,47
Depression_label,best_en,B0_rho05_vaderfull,B0: rho>0.5 + full VADER hist,logreg_l2_liblinear_C0.02_bal,82,turn_to_previous_speaker_turn_similarity_mean,0.015737721730534386,0.015737721730534386,48
Depression_label,best_en,B0_rho05_vaderfull,B0: rho>0.5 + full VADER hist,logreg_l2_liblinear_C0.02_bal,82,sentiment_neu,0.015735037791370175,0.015735037791370175,49
Depression_label,best_en,B0_rho05_vaderfull,B0: rho>0.5 + full VADER hist,logreg_l2_liblinear_C0.02_bal,82,turn_to_turn_tangeniality_mean,0.01563121623865494,0.01563121623865494,50
Depression_label,best_en,B0_rho05_vaderfull,B0: rho>0.5 + full VADER hist,logreg_l2_liblinear_C0.02_bal,82,vader_hist_bin_16,-0.015626730196486666,0.015626730196486666,51
Depression_label,best_en,B0_rho05_vaderfull,B0: rho>0.5 + full VADER hist,logreg_l2_liblinear_C0.02_bal,82,sentiment_vader_neu,0.014609819714613106,0.014609819714613106,52
Depression_label,best_en,B0_rho05_vaderfull,B0: rho>0.5 + full VADER hist,logreg_l2_liblinear_C0.02_bal,82,mean_pre_turn_pause,0.013593951143442203,0.013593951143442203,53
Depression_label,best_en,B0_rho05_vaderfull,B0: rho>0.5 + full VADER hist,logreg_l2_liblinear_C0.02_bal,82,vader_hist_bin_09,-0.013267176969263534,0.013267176969263534,54
Depression_label,best_en,B0_rho05_vaderfull,B0: rho>0.5 + full VADER hist,logreg_l2_liblinear_C0.02_bal,82,vader_hist_bin_11,0.012855456974582305,0.012855456974582305,55
Depression_label,best_en,B0_rho05_vaderfull,B0: rho>0.5 + full VADER hist,logreg_l2_liblinear_C0.02_bal,82,num_phrases,0.01285383360657311,0.01285383360657311,56
Depression_label,best_en,B0_rho05_vaderfull,B0: rho>0.5 + full VADER hist,logreg_l2_liblinear_C0.02_bal,82,participant_utterance_count,0.01285383360657311,0.01285383360657311,57
Depression_label,best_en,B0_rho05_vaderfull,B0: rho>0.5 + full VADER hist,logreg_l2_liblinear_C0.02_bal,82,second_order_sentence_tangeniality_var,-0.012608296805699524,0.012608296805699524,58
Depression_label,best_en,B0_rho05_vaderfull,B0: rho>0.5 + full VADER hist,logreg_l2_liblinear_C0.02_bal,82,sentiment_vader_overall,-0.011692808856960833,0.011692808856960833,59
Depression_label,best_en,B0_rho05_vaderfull,B0: rho>0.5 + full VADER hist,logreg_l2_liblinear_C0.02_bal,82,prop_verb_past,-0.011313326252666353,0.011313326252666353,60
Depression_label,best_en,B0_rho05_vaderfull,B0: rho>0.5 + full VADER hist,logreg_l2_liblinear_C0.02_bal,82,first_order_sentence_tangeniality_mean,0.011141138759572934,0.011141138759572934,61
Depression_label,best_en,B0_rho05_vaderfull,B0: rho>0.5 + full VADER hist,logreg_l2_liblinear_C0.02_bal,82,mean_turn_length_minutes,-0.010256563058302368,0.010256563058302368,62
Depression_label,best_en,B0_rho05_vaderfull,B0: rho>0.5 + full VADER hist,logreg_l2_liblinear_C0.02_bal,82,second_order_sentence_tangeniality_mean,0.010166821553608148,0.010166821553608148,63
Depression_label,best_en,B0_rho05_vaderfull,B0: rho>0.5 + full VADER hist,logreg_l2_liblinear_C0.02_bal,82,vader_hist_bin_19,-0.009781798463269622,0.009781798463269622,64
Depression_label,best_en,B0_rho05_vaderfull,B0: rho>0.5 + full VADER hist,logreg_l2_liblinear_C0.02_bal,82,mean_phrases_per_turn,-0.008988327655592866,0.008988327655592866,65
Depression_label,best_en,B0_rho05_vaderfull,B0: rho>0.5 + full VADER hist,logreg_l2_liblinear_C0.02_bal,82,turn_to_turn_tangeniality_var,-0.00874623243182692,0.00874623243182692,66
Depression_label,best_en,B0_rho05_vaderfull,B0: rho>0.5 + full VADER hist,logreg_l2_liblinear_C0.02_bal,82,vader_hist_entropy,-0.00828393837087783,0.00828393837087783,67
Depression_label,best_en,B0_rho05_vaderfull,B0: rho>0.5 + full VADER hist,logreg_l2_liblinear_C0.02_bal,82,speech_length_minutes,0.007718410605622445,0.007718410605622445,68
Depression_label,best_en,B0_rho05_vaderfull,B0: rho>0.5 + full VADER hist,logreg_l2_liblinear_C0.02_bal,82,num_one_word_turns,-0.006552657014710007,0.006552657014710007,69
Depression_label,best_en,B0_rho05_vaderfull,B0: rho>0.5 + full VADER hist,logreg_l2_liblinear_C0.02_bal,82,mattr_5,0.006320906192758458,0.006320906192758458,70
Depression_label,best_en,B0_rho05_vaderfull,B0: rho>0.5 + full VADER hist,logreg_l2_liblinear_C0.02_bal,82,num_one_word_phrases,-0.005364174717296222,0.005364174717296222,71
Depression_label,best_en,B0_rho05_vaderfull,B0: rho>0.5 + full VADER hist,logreg_l2_liblinear_C0.02_bal,82,vader_hist_bin_05,-0.004987226760313328,0.004987226760313328,72
Depression_label,best_en,B0_rho05_vaderfull,B0: rho>0.5 + full VADER hist,logreg_l2_liblinear_C0.02_bal,82,prop_function_words,-0.004946153314952487,0.004946153314952487,73
Depression_label,best_en,B0_rho05_vaderfull,B0: rho>0.5 + full VADER hist,logreg_l2_liblinear_C0.02_bal,82,mattr_100,-0.004585920500451771,0.004585920500451771,74
Depression_label,best_en,B0_rho05_vaderfull,B0: rho>0.5 + full VADER hist,logreg_l2_liblinear_C0.02_bal,82,speech_percentage,-0.004383822139467042,0.004383822139467042,75
Depression_label,best_en,B0_rho05_vaderfull,B0: rho>0.5 + full VADER hist,logreg_l2_liblinear_C0.02_bal,82,vader_hist_bin_01,0.004214142425895381,0.004214142425895381,76
Depression_label,best_en,B0_rho05_vaderfull,B0: rho>0.5 + full VADER hist,logreg_l2_liblinear_C0.02_bal,82,mattr_10,0.003879552727307427,0.003879552727307427,77
Depression_label,best_en,B0_rho05_vaderfull,B0: rho>0.5 + full VADER hist,logreg_l2_liblinear_C0.02_bal,82,word_coherence_mean,0.0030869923044850567,0.0030869923044850567,78
Depression_label,best_en,B0_rho05_vaderfull,B0: rho>0.5 + full VADER hist,logreg_l2_liblinear_C0.02_bal,82,mattr_50,-0.0024212006516631038,0.0024212006516631038,79
Depression_label,best_en,B0_rho05_vaderfull,B0: rho>0.5 + full VADER hist,logreg_l2_liblinear_C0.02_bal,82,vader_hist_bin_17,-0.0020632489869955198,0.0020632489869955198,80
Depression_label,best_en,B0_rho05_vaderfull,B0: rho>0.5 + full VADER hist,logreg_l2_liblinear_C0.02_bal,82,mattr_25,-0.0009368369352281032,0.0009368369352281032,81
Depression_label,best_en,B0_rho05_vaderfull,B0: rho>0.5 + full VADER hist,logreg_l2_liblinear_C0.02_bal,82,vader_hist_bin_15,0.0005800158296098705,0.0005800158296098705,82
Depression_label,best_ua,B0_rho05_vaderfull,B0: rho>0.5 + full VADER hist,logreg_l2_liblinear_C0.02_bal,82,sentiment_overall,-0.23331182503732456,0.23331182503732456,1
Depression_label,best_ua,B0_rho05_vaderfull,B0: rho>0.5 + full VADER hist,logreg_l2_liblinear_C0.02_bal,82,vader_hist_bin_08,0.10196243350523318,0.10196243350523318,2
Depression_label,best_ua,B0_rho05_vaderfull,B0: rho>0.5 + full VADER hist,logreg_l2_liblinear_C0.02_bal,82,vader_hist_bin_13,0.09525124471284098,0.09525124471284098,3
Depression_label,best_ua,B0_rho05_vaderfull,B0: rho>0.5 + full VADER hist,logreg_l2_liblinear_C0.02_bal,82,vader_pos_tail_mass,-0.08879768398049438,0.08879768398049438,4
Depression_label,best_ua,B0_rho05_vaderfull,B0: rho>0.5 + full VADER hist,logreg_l2_liblinear_C0.02_bal,82,vader_hist_bin_10,0.07837730301119769,0.07837730301119769,5
Depression_label,best_ua,B0_rho05_vaderfull,B0: rho>0.5 + full VADER hist,logreg_l2_liblinear_C0.02_bal,82,first_person_sentiment_positive,-0.07605678425015695,0.07605678425015695,6
Depression_label,best_ua,B0_rho05_vaderfull,B0: rho>0.5 + full VADER hist,logreg_l2_liblinear_C0.02_bal,82,first_person_sentiment_negative,0.07557330528923438,0.07557330528923438,7
Depression_label,best_ua,B0_rho05_vaderfull,B0: rho>0.5 + full VADER hist,logreg_l2_liblinear_C0.02_bal,82,sentiment_pos,-0.07371438042125772,0.07371438042125772,8
Depression_label,best_ua,B0_rho05_vaderfull,B0: rho>0.5 + full VADER hist,logreg_l2_liblinear_C0.02_bal,82,vader_hist_bin_20,-0.07198760613263276,0.07198760613263276,9
Depression_label,best_ua,B0_rho05_vaderfull,B0: rho>0.5 + full VADER hist,logreg_l2_liblinear_C0.02_bal,82,first_person_sentiment_overall,-0.07078900155349759,0.07078900155349759,10
Depression_label,best_ua,B0_rho05_vaderfull,B0: rho>0.5 + full VADER hist,logreg_l2_liblinear_C0.02_bal,82,vader_hist_bin_21,-0.06991835153203965,0.06991835153203965,11
Depression_label,best_ua,B0_rho05_vaderfull,B0: rho>0.5 + full VADER hist,logreg_l2_liblinear_C0.02_bal,82,vader_hist_bin_18,-0.06872311301826584,0.06872311301826584,12
Depression_label,best_ua,B0_rho05_vaderfull,B0: rho>0.5 + full VADER hist,logreg_l2_liblinear_C0.02_bal,82,vader_hist_bin_22,-0.06854472565819604,0.06854472565819604,13
Depression_label,best_ua,B0_rho05_vaderfull,B0: rho>0.5 + full VADER hist,logreg_l2_liblinear_C0.02_bal,82,sentiment_neg,0.066989354737873,0.066989354737873,14
Depression_label,best_ua,B0_rho05_vaderfull,B0: rho>0.5 + full VADER hist,logreg_l2_liblinear_C0.02_bal,82,vader_hist_bin_14,-0.06525629150307308,0.06525629150307308,15
Depression_label,best_ua,B0_rho05_vaderfull,B0: rho>0.5 + full VADER hist,logreg_l2_liblinear_C0.02_bal,82,sentiment_vader_neg,0.06498767133989466,0.06498767133989466,16
Depression_label,best_ua,B0_rho05_vaderfull,B0: rho>0.5 + full VADER hist,logreg_l2_liblinear_C0.02_bal,82,phrase_repeat_percentage,-0.060242303012382196,0.060242303012382196,17
Depression_label,best_ua,B0_rho05_vaderfull,B0: rho>0.5 + full VADER hist,logreg_l2_liblinear_C0.02_bal,82,vader_neg_tail_mass,0.05520624561342623,0.05520624561342623,18
Depression_label,best_ua,B0_rho05_vaderfull,B0: rho>0.5 + full VADER hist,logreg_l2_liblinear_C0.02_bal,82,first_person_sentiment_overall_vader,-0.05520167782850858,0.05520167782850858,19
Depression_label,best_ua,B0_rho05_vaderfull,B0: rho>0.5 + full VADER hist,logreg_l2_liblinear_C0.02_bal,82,first_person_sentiment_positive_vader,-0.05337974209179799,0.05337974209179799,20
Depression_label,best_ua,B0_rho05_vaderfull,B0: rho>0.5 + full VADER hist,logreg_l2_liblinear_C0.02_bal,82,sentiment_vader_pos,-0.05329352112638105,0.05329352112638105,21
Depression_label,best_ua,B0_rho05_vaderfull,B0: rho>0.5 + full VADER hist,logreg_l2_liblinear_C0.02_bal,82,first_order_sentence_tangeniality_var,-0.047972228636276315,0.047972228636276315,22
Depression_label,best_ua,B0_rho05_vaderfull,B0: rho>0.5 + full VADER hist,logreg_l2_liblinear_C0.02_bal,82,vader_hist_bin_07,0.047056798757452514,0.047056798757452514,23
Depression_label,best_ua,B0_rho05_vaderfull,B0: rho>0.5 + full VADER hist,logreg_l2_liblinear_C0.02_bal,82,vader_hist_bin_04,0.045577179856216156,0.045577179856216156,24
Depression_label,best_ua,B0_rho05_vaderfull,B0: rho>0.5 + full VADER hist,logreg_l2_liblinear_C0.02_bal,82,vader_hist_bin_23,-0.042360248548148016,0.042360248548148016,25
Depression_label,best_ua,B0_rho05_vaderfull,B0: rho>0.5 + full VADER hist,logreg_l2_liblinear_C0.02_bal,82,vader_hist_bin_02,0.0407621059051554,0.0407621059051554,26
Depression_label,best_ua,B0_rho05_vaderfull,B0: rho>0.5 + full VADER hist,logreg_l2_liblinear_C0.02_bal,82,syllables_per_min,-0.03957694997986775,0.03957694997986775,27
Depression_label,best_ua,B0_rho05_vaderfull,B0: rho>0.5 + full VADER hist,logreg_l2_liblinear_C0.02_bal,82,first_person_sentiment_negative_vader,0.037888386244728144,0.037888386244728144,28
Depression_label,best_ua,B0_rho05_vaderfull,B0: rho>0.5 + full VADER hist,logreg_l2_liblinear_C0.02_bal,82,first_person_percentage,0.036272021526658184,0.036272021526658184,29
Depression_label,best_ua,B0_rho05_vaderfull,B0: rho>0.5 + full VADER hist,logreg_l2_liblinear_C0.02_bal,82,vader_neutral_mass,0.03507611768859559,0.03507611768859559,30
Depression_label,best_ua,B0_rho05_vaderfull,B0: rho>0.5 + full VADER hist,logreg_l2_liblinear_C0.02_bal,82,vader_hist_bin_12,0.03467325412833072,0.03467325412833072,31
Depression_label,best_ua,B0_rho05_vaderfull,B0: rho>0.5 + full VADER hist,logreg_l2_liblinear_C0.02_bal,82,words_per_min,-0.03456303436948047,0.03456303436948047,32
Depression_label,best_ua,B0_rho05_vaderfull,B0: rho>0.5 + full VADER hist,logreg_l2_liblinear_C0.02_bal,82,mean_pre_word_pause,0.03412697955296088,0.03412697955296088,33
Depression_label,best_ua,B0_rho05_vaderfull,B0: rho>0.5 + full VADER hist,logreg_l2_liblinear_C0.02_bal,82,vader_hist_bin_03,0.03370098703217523,0.03370098703217523,34
Depression_label,best_ua,B0_rho05_vaderfull,B0: rho>0.5 + full VADER hist,logreg_l2_liblinear_C0.02_bal,82,word_repeat_percentage,-0.03167600425619768,0.03167600425619768,35
Depression_label,best_ua,B0_rho05_vaderfull,B0: rho>0.5 + full VADER hist,logreg_l2_liblinear_C0.02_bal,82,vader_hist_bin_06,0.02931194497389781,0.02931194497389781,36
Depression_label,best_ua,B0_rho05_vaderfull,B0: rho>0.5 + full VADER hist,logreg_l2_liblinear_C0.02_bal,82,semantic_perplexity_var,0.02803602375810596,0.02803602375810596,37
Depression_label,best_ua,B0_rho05_vaderfull,B0: rho>0.5 + full VADER hist,logreg_l2_liblinear_C0.02_bal,82,mean_pause_variability,0.02623171367812918,0.02623171367812918,38
Depression_label,best_ua,B0_rho05_vaderfull,B0: rho>0.5 + full VADER hist,logreg_l2_liblinear_C0.02_bal,82,mean_turn_length_words,-0.026177105363648645,0.026177105363648645,39
Depression_label,best_ua,B0_rho05_vaderfull,B0: rho>0.5 + full VADER hist,logreg_l2_liblinear_C0.02_bal,82,speaker_percentage,-0.024042787790592518,0.024042787790592518,40
Depression_label,best_ua,B0_rho05_vaderfull,B0: rho>0.5 + full VADER hist,logreg_l2_liblinear_C0.02_bal,82,turn_to_previous_speaker_turn_similarity_var,-0.021725712216810366,0.021725712216810366,41
Depression_label,best_ua,B0_rho05_vaderfull,B0: rho>0.5 + full VADER hist,logreg_l2_liblinear_C0.02_bal,82,turn_to_turn_tangeniality_slope,0.021279012029781504,0.021279012029781504,42
Depression_label,best_ua,B0_rho05_vaderfull,B0: rho>0.5 + full VADER hist,logreg_l2_liblinear_C0.02_bal,82,turn_to_previous_speaker_turn_similarity_slope,-0.020587941427027252,0.020587941427027252,43
Depression_label,best_ua,B0_rho05_vaderfull,B0: rho>0.5 + full VADER hist,logreg_l2_liblinear_C0.02_bal,82,num_turns,0.02041653470481242,0.02041653470481242,44
Depression_label,best_ua,B0_rho05_vaderfull,B0: rho>0.5 + full VADER hist,logreg_l2_liblinear_C0.02_bal,82,semantic_perplexity_mean,0.01757258709727573,0.01757258709727573,45
Depression_label,best_ua,B0_rho05_vaderfull,B0: rho>0.5 + full VADER hist,logreg_l2_liblinear_C0.02_bal,82,speech_length_words,-0.016681091649127726,0.016681091649127726,46
Depression_label,best_ua,B0_rho05_vaderfull,B0: rho>0.5 + full VADER hist,logreg_l2_liblinear_C0.02_bal,82,num_interrupts,-0.015830623079583665,0.015830623079583665,47
Depression_label,best_ua,B0_rho05_vaderfull,B0: rho>0.5 + full VADER hist,logreg_l2_liblinear_C0.02_bal,82,turn_to_previous_speaker_turn_similarity_mean,0.015737721730534386,0.015737721730534386,48
Depression_label,best_ua,B0_rho05_vaderfull,B0: rho>0.5 + full VADER hist,logreg_l2_liblinear_C0.02_bal,82,sentiment_neu,0.015735037791370175,0.015735037791370175,49
Depression_label,best_ua,B0_rho05_vaderfull,B0: rho>0.5 + full VADER hist,logreg_l2_liblinear_C0.02_bal,82,turn_to_turn_tangeniality_mean,0.01563121623865494,0.01563121623865494,50
Depression_label,best_ua,B0_rho05_vaderfull,B0: rho>0.5 + full VADER hist,logreg_l2_liblinear_C0.02_bal,82,vader_hist_bin_16,-0.015626730196486666,0.015626730196486666,51
Depression_label,best_ua,B0_rho05_vaderfull,B0: rho>0.5 + full VADER hist,logreg_l2_liblinear_C0.02_bal,82,sentiment_vader_neu,0.014609819714613106,0.014609819714613106,52
Depression_label,best_ua,B0_rho05_vaderfull,B0: rho>0.5 + full VADER hist,logreg_l2_liblinear_C0.02_bal,82,mean_pre_turn_pause,0.013593951143442203,0.013593951143442203,53
Depression_label,best_ua,B0_rho05_vaderfull,B0: rho>0.5 + full VADER hist,logreg_l2_liblinear_C0.02_bal,82,vader_hist_bin_09,-0.013267176969263534,0.013267176969263534,54
Depression_label,best_ua,B0_rho05_vaderfull,B0: rho>0.5 + full VADER hist,logreg_l2_liblinear_C0.02_bal,82,vader_hist_bin_11,0.012855456974582305,0.012855456974582305,55
Depression_label,best_ua,B0_rho05_vaderfull,B0: rho>0.5 + full VADER hist,logreg_l2_liblinear_C0.02_bal,82,num_phrases,0.01285383360657311,0.01285383360657311,56
Depression_label,best_ua,B0_rho05_vaderfull,B0: rho>0.5 + full VADER hist,logreg_l2_liblinear_C0.02_bal,82,participant_utterance_count,0.01285383360657311,0.01285383360657311,57
Depression_label,best_ua,B0_rho05_vaderfull,B0: rho>0.5 + full VADER hist,logreg_l2_liblinear_C0.02_bal,82,second_order_sentence_tangeniality_var,-0.012608296805699524,0.012608296805699524,58
Depression_label,best_ua,B0_rho05_vaderfull,B0: rho>0.5 + full VADER hist,logreg_l2_liblinear_C0.02_bal,82,sentiment_vader_overall,-0.011692808856960833,0.011692808856960833,59
Depression_label,best_ua,B0_rho05_vaderfull,B0: rho>0.5 + full VADER hist,logreg_l2_liblinear_C0.02_bal,82,prop_verb_past,-0.011313326252666353,0.011313326252666353,60
Depression_label,best_ua,B0_rho05_vaderfull,B0: rho>0.5 + full VADER hist,logreg_l2_liblinear_C0.02_bal,82,first_order_sentence_tangeniality_mean,0.011141138759572934,0.011141138759572934,61
Depression_label,best_ua,B0_rho05_vaderfull,B0: rho>0.5 + full VADER hist,logreg_l2_liblinear_C0.02_bal,82,mean_turn_length_minutes,-0.010256563058302368,0.010256563058302368,62
Depression_label,best_ua,B0_rho05_vaderfull,B0: rho>0.5 + full VADER hist,logreg_l2_liblinear_C0.02_bal,82,second_order_sentence_tangeniality_mean,0.010166821553608148,0.010166821553608148,63
Depression_label,best_ua,B0_rho05_vaderfull,B0: rho>0.5 + full VADER hist,logreg_l2_liblinear_C0.02_bal,82,vader_hist_bin_19,-0.009781798463269622,0.009781798463269622,64
Depression_label,best_ua,B0_rho05_vaderfull,B0: rho>0.5 + full VADER hist,logreg_l2_liblinear_C0.02_bal,82,mean_phrases_per_turn,-0.008988327655592866,0.008988327655592866,65
Depression_label,best_ua,B0_rho05_vaderfull,B0: rho>0.5 + full VADER hist,logreg_l2_liblinear_C0.02_bal,82,turn_to_turn_tangeniality_var,-0.00874623243182692,0.00874623243182692,66
Depression_label,best_ua,B0_rho05_vaderfull,B0: rho>0.5 + full VADER hist,logreg_l2_liblinear_C0.02_bal,82,vader_hist_entropy,-0.00828393837087783,0.00828393837087783,67
Depression_label,best_ua,B0_rho05_vaderfull,B0: rho>0.5 + full VADER hist,logreg_l2_liblinear_C0.02_bal,82,speech_length_minutes,0.007718410605622445,0.007718410605622445,68
Depression_label,best_ua,B0_rho05_vaderfull,B0: rho>0.5 + full VADER hist,logreg_l2_liblinear_C0.02_bal,82,num_one_word_turns,-0.006552657014710007,0.006552657014710007,69
Depression_label,best_ua,B0_rho05_vaderfull,B0: rho>0.5 + full VADER hist,logreg_l2_liblinear_C0.02_bal,82,mattr_5,0.006320906192758458,0.006320906192758458,70
Depression_label,best_ua,B0_rho05_vaderfull,B0: rho>0.5 + full VADER hist,logreg_l2_liblinear_C0.02_bal,82,num_one_word_phrases,-0.005364174717296222,0.005364174717296222,71
Depression_label,best_ua,B0_rho05_vaderfull,B0: rho>0.5 + full VADER hist,logreg_l2_liblinear_C0.02_bal,82,vader_hist_bin_05,-0.004987226760313328,0.004987226760313328,72
Depression_label,best_ua,B0_rho05_vaderfull,B0: rho>0.5 + full VADER hist,logreg_l2_liblinear_C0.02_bal,82,prop_function_words,-0.004946153314952487,0.004946153314952487,73
Depression_label,best_ua,B0_rho05_vaderfull,B0: rho>0.5 + full VADER hist,logreg_l2_liblinear_C0.02_bal,82,mattr_100,-0.004585920500451771,0.004585920500451771,74
Depression_label,best_ua,B0_rho05_vaderfull,B0: rho>0.5 + full VADER hist,logreg_l2_liblinear_C0.02_bal,82,speech_percentage,-0.004383822139467042,0.004383822139467042,75
Depression_label,best_ua,B0_rho05_vaderfull,B0: rho>0.5 + full VADER hist,logreg_l2_liblinear_C0.02_bal,82,vader_hist_bin_01,0.004214142425895381,0.004214142425895381,76
Depression_label,best_ua,B0_rho05_vaderfull,B0: rho>0.5 + full VADER hist,logreg_l2_liblinear_C0.02_bal,82,mattr_10,0.003879552727307427,0.003879552727307427,77
Depression_label,best_ua,B0_rho05_vaderfull,B0: rho>0.5 + full VADER hist,logreg_l2_liblinear_C0.02_bal,82,word_coherence_mean,0.0030869923044850567,0.0030869923044850567,78
Depression_label,best_ua,B0_rho05_vaderfull,B0: rho>0.5 + full VADER hist,logreg_l2_liblinear_C0.02_bal,82,mattr_50,-0.0024212006516631038,0.0024212006516631038,79
Depression_label,best_ua,B0_rho05_vaderfull,B0: rho>0.5 + full VADER hist,logreg_l2_liblinear_C0.02_bal,82,vader_hist_bin_17,-0.0020632489869955198,0.0020632489869955198,80
Depression_label,best_ua,B0_rho05_vaderfull,B0: rho>0.5 + full VADER hist,logreg_l2_liblinear_C0.02_bal,82,mattr_25,-0.0009368369352281032,0.0009368369352281032,81
Depression_label,best_ua,B0_rho05_vaderfull,B0: rho>0.5 + full VADER hist,logreg_l2_liblinear_C0.02_bal,82,vader_hist_bin_15,0.0005800158296098705,0.0005800158296098705,82
PTSD_label,best_en,B0_rho05_vaderfull,B0: rho>0.5 + full VADER hist,logreg_l2_liblinear_C0.005_cwpos3.2,82,sentiment_overall,-0.11548703645745947,0.11548703645745947,1
PTSD_label,best_en,B0_rho05_vaderfull,B0: rho>0.5 + full VADER hist,logreg_l2_liblinear_C0.005_cwpos3.2,82,sentiment_vader_neg,0.05449332025918893,0.05449332025918893,2
PTSD_label,best_en,B0_rho05_vaderfull,B0: rho>0.5 + full VADER hist,logreg_l2_liblinear_C0.005_cwpos3.2,82,vader_neg_tail_mass,0.04671087493882429,0.04671087493882429,3
PTSD_label,best_en,B0_rho05_vaderfull,B0: rho>0.5 + full VADER hist,logreg_l2_liblinear_C0.005_cwpos3.2,82,sentiment_neg,0.040465957077067675,0.040465957077067675,4
PTSD_label,best_en,B0_rho05_vaderfull,B0: rho>0.5 + full VADER hist,logreg_l2_liblinear_C0.005_cwpos3.2,82,vader_hist_bin_10,0.0390078635703424,0.0390078635703424,5
PTSD_label,best_en,B0_rho05_vaderfull,B0: rho>0.5 + full VADER hist,logreg_l2_liblinear_C0.005_cwpos3.2,82,first_person_sentiment_negative_vader,0.03886980936421676,0.03886980936421676,6
PTSD_label,best_en,B0_rho05_vaderfull,B0: rho>0.5 + full VADER hist,logreg_l2_liblinear_C0.005_cwpos3.2,82,vader_pos_tail_mass,-0.038762555465531645,0.038762555465531645,7
PTSD_label,best_en,B0_rho05_vaderfull,B0: rho>0.5 + full VADER hist,logreg_l2_liblinear_C0.005_cwpos3.2,82,first_person_sentiment_negative,0.0376887945941684,0.0376887945941684,8
PTSD_label,best_en,B0_rho05_vaderfull,B0: rho>0.5 + full VADER hist,logreg_l2_liblinear_C0.005_cwpos3.2,82,vader_hist_bin_07,0.03701513597083989,0.03701513597083989,9
PTSD_label,best_en,B0_rho05_vaderfull,B0: rho>0.5 + full VADER hist,logreg_l2_liblinear_C0.005_cwpos3.2,82,vader_hist_bin_22,-0.03485225836227864,0.03485225836227864,10
PTSD_label,best_en,B0_rho05_vaderfull,B0: rho>0.5 + full VADER hist,logreg_l2_liblinear_C0.005_cwpos3.2,82,vader_hist_bin_04,0.03445561894441425,0.03445561894441425,11
PTSD_label,best_en,B0_rho05_vaderfull,B0: rho>0.5 + full VADER hist,logreg_l2_liblinear_C0.005_cwpos3.2,82,vader_hist_bin_13,0.03432301655578812,0.03432301655578812,12
PTSD_label,best_en,B0_rho05_vaderfull,B0: rho>0.5 + full VADER hist,logreg_l2_liblinear_C0.005_cwpos3.2,82,vader_hist_bin_01,0.03285956852773518,0.03285956852773518,13
PTSD_label,best_en,B0_rho05_vaderfull,B0: rho>0.5 + full VADER hist,logreg_l2_liblinear_C0.005_cwpos3.2,82,vader_hist_bin_02,0.03099965938427819,0.03099965938427819,14
PTSD_label,best_en,B0_rho05_vaderfull,B0: rho>0.5 + full VADER hist,logreg_l2_liblinear_C0.005_cwpos3.2,82,first_person_sentiment_positive,-0.030901397530112482,0.030901397530112482,15
PTSD_label,best_en,B0_rho05_vaderfull,B0: rho>0.5 + full VADER hist,logreg_l2_liblinear_C0.005_cwpos3.2,82,vader_hist_bin_18,-0.03080407372262974,0.03080407372262974,16
PTSD_label,best_en,B0_rho05_vaderfull,B0: rho>0.5 + full VADER hist,logreg_l2_liblinear_C0.005_cwpos3.2,82,vader_hist_bin_08,0.029916006462951634,0.029916006462951634,17
PTSD_label,best_en,B0_rho05_vaderfull,B0: rho>0.5 + full VADER hist,logreg_l2_liblinear_C0.005_cwpos3.2,82,first_person_sentiment_overall,-0.02989992604768695,0.02989992604768695,18
PTSD_label,best_en,B0_rho05_vaderfull,B0: rho>0.5 + full VADER hist,logreg_l2_liblinear_C0.005_cwpos3.2,82,sentiment_pos,-0.029796074236278388,0.029796074236278388,19
PTSD_label,best_en,B0_rho05_vaderfull,B0: rho>0.5 + full VADER hist,logreg_l2_liblinear_C0.005_cwpos3.2,82,vader_hist_bin_20,-0.027263301318940864,0.027263301318940864,20
PTSD_label,best_en,B0_rho05_vaderfull,B0: rho>0.5 + full VADER hist,logreg_l2_liblinear_C0.005_cwpos3.2,82,vader_hist_bin_21,-0.02686855106851126,0.02686855106851126,21
PTSD_label,best_en,B0_rho05_vaderfull,B0: rho>0.5 + full VADER hist,logreg_l2_liblinear_C0.005_cwpos3.2,82,vader_hist_bin_03,0.02358186324571629,0.02358186324571629,22
PTSD_label,best_en,B0_rho05_vaderfull,B0: rho>0.5 + full VADER hist,logreg_l2_liblinear_C0.005_cwpos3.2,82,vader_neutral_mass,0.02308722084628608,0.02308722084628608,23
PTSD_label,best_en,B0_rho05_vaderfull,B0: rho>0.5 + full VADER hist,logreg_l2_liblinear_C0.005_cwpos3.2,82,vader_hist_bin_12,0.023056679788829946,0.023056679788829946,24
PTSD_label,best_en,B0_rho05_vaderfull,B0: rho>0.5 + full VADER hist,logreg_l2_liblinear_C0.005_cwpos3.2,82,first_order_sentence_tangeniality_var,-0.022152092055543957,0.022152092055543957,25
PTSD_label,best_en,B0_rho05_vaderfull,B0: rho>0.5 + full VADER hist,logreg_l2_liblinear_C0.005_cwpos3.2,82,first_person_percentage,0.02200758833048392,0.02200758833048392,26
PTSD_label,best_en,B0_rho05_vaderfull,B0: rho>0.5 + full VADER hist,logreg_l2_liblinear_C0.005_cwpos3.2,82,num_one_word_phrases,0.02169040708440968,0.02169040708440968,27
PTSD_label,best_en,B0_rho05_vaderfull,B0: rho>0.5 + full VADER hist,logreg_l2_liblinear_C0.005_cwpos3.2,82,phrase_repeat_percentage,-0.021537788181729526,0.021537788181729526,28
PTSD_label,best_en,B0_rho05_vaderfull,B0: rho>0.5 + full VADER hist,logreg_l2_liblinear_C0.005_cwpos3.2,82,vader_hist_bin_23,-0.02105484909289827,0.02105484909289827,29
PTSD_label,best_en,B0_rho05_vaderfull,B0: rho>0.5 + full VADER hist,logreg_l2_liblinear_C0.005_cwpos3.2,82,mean_pre_word_pause,0.0209332917906532,0.0209332917906532,30
PTSD_label,best_en,B0_rho05_vaderfull,B0: rho>0.5 + full VADER hist,logreg_l2_liblinear_C0.005_cwpos3.2,82,speech_length_minutes,0.0207922969094818,0.0207922969094818,31
PTSD_label,best_en,B0_rho05_vaderfull,B0: rho>0.5 + full VADER hist,logreg_l2_liblinear_C0.005_cwpos3.2,82,vader_hist_bin_06,0.020772757505789434,0.020772757505789434,32
PTSD_label,best_en,B0_rho05_vaderfull,B0: rho>0.5 + full VADER hist,logreg_l2_liblinear_C0.005_cwpos3.2,82,sentiment_vader_pos,-0.020644348726356197,0.020644348726356197,33
PTSD_label,best_en,B0_rho05_vaderfull,B0: rho>0.5 + full VADER hist,logreg_l2_liblinear_C0.005_cwpos3.2,82,turn_to_turn_tangeniality_slope,0.01845632072430202,0.01845632072430202,34
PTSD_label,best_en,B0_rho05_vaderfull,B0: rho>0.5 + full VADER hist,logreg_l2_liblinear_C0.005_cwpos3.2,82,vader_hist_bin_14,-0.016914895847980668,0.016914895847980668,35
PTSD_label,best_en,B0_rho05_vaderfull,B0: rho>0.5 + full VADER hist,logreg_l2_liblinear_C0.005_cwpos3.2,82,num_phrases,0.016899036495619992,0.016899036495619992,36
PTSD_label,best_en,B0_rho05_vaderfull,B0: rho>0.5 + full VADER hist,logreg_l2_liblinear_C0.005_cwpos3.2,82,participant_utterance_count,0.016899036495619992,0.016899036495619992,37
PTSD_label,best_en,B0_rho05_vaderfull,B0: rho>0.5 + full VADER hist,logreg_l2_liblinear_C0.005_cwpos3.2,82,vader_hist_bin_05,0.016839878818795125,0.016839878818795125,38
PTSD_label,best_en,B0_rho05_vaderfull,B0: rho>0.5 + full VADER hist,logreg_l2_liblinear_C0.005_cwpos3.2,82,turn_to_turn_tangeniality_mean,0.015062342497041352,0.015062342497041352,39
PTSD_label,best_en,B0_rho05_vaderfull,B0: rho>0.5 + full VADER hist,logreg_l2_liblinear_C0.005_cwpos3.2,82,first_person_sentiment_overall_vader,-0.014626825295380454,0.014626825295380454,40
PTSD_label,best_en,B0_rho05_vaderfull,B0: rho>0.5 + full VADER hist,logreg_l2_liblinear_C0.005_cwpos3.2,82,sentiment_neu,0.013981957279262712,0.013981957279262712,41
PTSD_label,best_en,B0_rho05_vaderfull,B0: rho>0.5 + full VADER hist,logreg_l2_liblinear_C0.005_cwpos3.2,82,sentiment_vader_neu,0.013362409189081813,0.013362409189081813,42
PTSD_label,best_en,B0_rho05_vaderfull,B0: rho>0.5 + full VADER hist,logreg_l2_liblinear_C0.005_cwpos3.2,82,first_person_sentiment_positive_vader,-0.013229232888431041,0.013229232888431041,43
PTSD_label,best_en,B0_rho05_vaderfull,B0: rho>0.5 + full VADER hist,logreg_l2_liblinear_C0.005_cwpos3.2,82,vader_hist_bin_11,0.012854813204658639,0.012854813204658639,44
PTSD_label,best_en,B0_rho05_vaderfull,B0: rho>0.5 + full VADER hist,logreg_l2_liblinear_C0.005_cwpos3.2,82,vader_hist_bin_16,-0.012688828498922004,0.012688828498922004,45
PTSD_label,best_en,B0_rho05_vaderfull,B0: rho>0.5 + full VADER hist,logreg_l2_liblinear_C0.005_cwpos3.2,82,second_order_sentence_tangeniality_mean,0.01231033766694687,0.01231033766694687,46
PTSD_label,best_en,B0_rho05_vaderfull,B0: rho>0.5 + full VADER hist,logreg_l2_liblinear_C0.005_cwpos3.2,82,first_order_sentence_tangeniality_mean,0.012304179424922386,0.012304179424922386,47
PTSD_label,best_en,B0_rho05_vaderfull,B0: rho>0.5 + full VADER hist,logreg_l2_liblinear_C0.005_cwpos3.2,82,mattr_5,0.012124287783977087,0.012124287783977087,48
PTSD_label,best_en,B0_rho05_vaderfull,B0: rho>0.5 + full VADER hist,logreg_l2_liblinear_C0.005_cwpos3.2,82,syllables_per_min,-0.011977822507579512,0.011977822507579512,49
PTSD_label,best_en,B0_rho05_vaderfull,B0: rho>0.5 + full VADER hist,logreg_l2_liblinear_C0.005_cwpos3.2,82,words_per_min,-0.011425331637962657,0.011425331637962657,50
PTSD_label,best_en,B0_rho05_vaderfull,B0: rho>0.5 + full VADER hist,logreg_l2_liblinear_C0.005_cwpos3.2,82,mean_pause_variability,0.01115068452393872,0.01115068452393872,51
PTSD_label,best_en,B0_rho05_vaderfull,B0: rho>0.5 + full VADER hist,logreg_l2_liblinear_C0.005_cwpos3.2,82,word_coherence_mean,0.0111103593289863,0.0111103593289863,52
PTSD_label,best_en,B0_rho05_vaderfull,B0: rho>0.5 + full VADER hist,logreg_l2_liblinear_C0.005_cwpos3.2,82,vader_hist_bin_19,-0.011020839212684645,0.011020839212684645,53
PTSD_label,best_en,B0_rho05_vaderfull,B0: rho>0.5 + full VADER hist,logreg_l2_liblinear_C0.005_cwpos3.2,82,num_one_word_turns,0.010841713662948628,0.010841713662948628,54
PTSD_label,best_en,B0_rho05_vaderfull,B0: rho>0.5 + full VADER hist,logreg_l2_liblinear_C0.005_cwpos3.2,82,mattr_10,0.010274882740635271,0.010274882740635271,55
PTSD_label,best_en,B0_rho05_vaderfull,B0: rho>0.5 + full VADER hist,logreg_l2_liblinear_C0.005_cwpos3.2,82,turn_to_previous_speaker_turn_similarity_mean,0.009819504410401917,0.009819504410401917,56
PTSD_label,best_en,B0_rho05_vaderfull,B0: rho>0.5 + full VADER hist,logreg_l2_liblinear_C0.005_cwpos3.2,82,vader_hist_bin_17,0.009502153330749726,0.009502153330749726,57
PTSD_label,best_en,B0_rho05_vaderfull,B0: rho>0.5 + full VADER hist,logreg_l2_liblinear_C0.005_cwpos3.2,82,semantic_perplexity_var,0.009474202841313981,0.009474202841313981,58
PTSD_label,best_en,B0_rho05_vaderfull,B0: rho>0.5 + full VADER hist,logreg_l2_liblinear_C0.005_cwpos3.2,82,semantic_perplexity_mean,0.009134831269144264,0.009134831269144264,59
PTSD_label,best_en,B0_rho05_vaderfull,B0: rho>0.5 + full VADER hist,logreg_l2_liblinear_C0.005_cwpos3.2,82,num_turns,0.009030093757827951,0.009030093757827951,60
PTSD_label,best_en,B0_rho05_vaderfull,B0: rho>0.5 + full VADER hist,logreg_l2_liblinear_C0.005_cwpos3.2,82,turn_to_turn_tangeniality_var,0.008365345366304268,0.008365345366304268,61
PTSD_label,best_en,B0_rho05_vaderfull,B0: rho>0.5 + full VADER hist,logreg_l2_liblinear_C0.005_cwpos3.2,82,mean_pre_turn_pause,0.008363663117976488,0.008363663117976488,62
PTSD_label,best_en,B0_rho05_vaderfull,B0: rho>0.5 + full VADER hist,logreg_l2_liblinear_C0.005_cwpos3.2,82,speech_percentage,0.008141185380670381,0.008141185380670381,63
PTSD_label,best_en,B0_rho05_vaderfull,B0: rho>0.5 + full VADER hist,logreg_l2_liblinear_C0.005_cwpos3.2,82,num_interrupts,-0.007964063997970911,0.007964063997970911,64
PTSD_label,best_en,B0_rho05_vaderfull,B0: rho>0.5 + full VADER hist,logreg_l2_liblinear_C0.005_cwpos3.2,82,mattr_25,0.007876216974183286,0.007876216974183286,65
PTSD_label,best_en,B0_rho05_vaderfull,B0: rho>0.5 + full VADER hist,logreg_l2_liblinear_C0.005_cwpos3.2,82,mattr_50,0.007418078720874554,0.007418078720874554,66
PTSD_label,best_en,B0_rho05_vaderfull,B0: rho>0.5 + full VADER hist,logreg_l2_liblinear_C0.005_cwpos3.2,82,sentiment_vader_overall,0.007165642937320767,0.007165642937320767,67
PTSD_label,best_en,B0_rho05_vaderfull,B0: rho>0.5 + full VADER hist,logreg_l2_liblinear_C0.005_cwpos3.2,82,prop_function_words,0.007002599027517831,0.007002599027517831,68
PTSD_label,best_en,B0_rho05_vaderfull,B0: rho>0.5 + full VADER hist,logreg_l2_liblinear_C0.005_cwpos3.2,82,mattr_100,0.006956983768155527,0.006956983768155527,69
PTSD_label,best_en,B0_rho05_vaderfull,B0: rho>0.5 + full VADER hist,logreg_l2_liblinear_C0.005_cwpos3.2,82,prop_verb_past,0.006292397030923837,0.006292397030923837,70
PTSD_label,best_en,B0_rho05_vaderfull,B0: rho>0.5 + full VADER hist,logreg_l2_liblinear_C0.005_cwpos3.2,82,turn_to_previous_speaker_turn_similarity_var,0.0062721122436738665,0.0062721122436738665,71
PTSD_label,best_en,B0_rho05_vaderfull,B0: rho>0.5 + full VADER hist,logreg_l2_liblinear_C0.005_cwpos3.2,82,turn_to_previous_speaker_turn_similarity_slope,-0.006121985070245294,0.006121985070245294,72
PTSD_label,best_en,B0_rho05_vaderfull,B0: rho>0.5 + full VADER hist,logreg_l2_liblinear_C0.005_cwpos3.2,82,speech_length_words,0.005339542672133512,0.005339542672133512,73
PTSD_label,best_en,B0_rho05_vaderfull,B0: rho>0.5 + full VADER hist,logreg_l2_liblinear_C0.005_cwpos3.2,82,vader_hist_entropy,0.0052903007314013175,0.0052903007314013175,74
PTSD_label,best_en,B0_rho05_vaderfull,B0: rho>0.5 + full VADER hist,logreg_l2_liblinear_C0.005_cwpos3.2,82,mean_turn_length_words,-0.0052277057772073246,0.0052277057772073246,75
PTSD_label,best_en,B0_rho05_vaderfull,B0: rho>0.5 + full VADER hist,logreg_l2_liblinear_C0.005_cwpos3.2,82,word_repeat_percentage,-0.003176173720055953,0.003176173720055953,76
PTSD_label,best_en,B0_rho05_vaderfull,B0: rho>0.5 + full VADER hist,logreg_l2_liblinear_C0.005_cwpos3.2,82,mean_phrases_per_turn,0.0021804595075129427,0.0021804595075129427,77
PTSD_label,best_en,B0_rho05_vaderfull,B0: rho>0.5 + full VADER hist,logreg_l2_liblinear_C0.005_cwpos3.2,82,mean_turn_length_minutes,0.0020003394672574873,0.0020003394672574873,78
PTSD_label,best_en,B0_rho05_vaderfull,B0: rho>0.5 + full VADER hist,logreg_l2_liblinear_C0.005_cwpos3.2,82,second_order_sentence_tangeniality_var,-0.00197635325476651,0.00197635325476651,79
PTSD_label,best_en,B0_rho05_vaderfull,B0: rho>0.5 + full VADER hist,logreg_l2_liblinear_C0.005_cwpos3.2,82,vader_hist_bin_15,-0.0008208222193267519,0.0008208222193267519,80
PTSD_label,best_en,B0_rho05_vaderfull,B0: rho>0.5 + full VADER hist,logreg_l2_liblinear_C0.005_cwpos3.2,82,speaker_percentage,-0.00039086308370575335,0.00039086308370575335,81
PTSD_label,best_en,B0_rho05_vaderfull,B0: rho>0.5 + full VADER hist,logreg_l2_liblinear_C0.005_cwpos3.2,82,vader_hist_bin_09,4.756547717064891e-05,4.756547717064891e-05,82
PTSD_label,best_ua,B0_rho05_vaderfull,B0: rho>0.5 + full VADER hist,logreg_l2_liblinear_C0.005_cwpos3.2,82,sentiment_overall,-0.11548703645745947,0.11548703645745947,1
PTSD_label,best_ua,B0_rho05_vaderfull,B0: rho>0.5 + full VADER hist,logreg_l2_liblinear_C0.005_cwpos3.2,82,sentiment_vader_neg,0.05449332025918893,0.05449332025918893,2
PTSD_label,best_ua,B0_rho05_vaderfull,B0: rho>0.5 + full VADER hist,logreg_l2_liblinear_C0.005_cwpos3.2,82,vader_neg_tail_mass,0.04671087493882429,0.04671087493882429,3
PTSD_label,best_ua,B0_rho05_vaderfull,B0: rho>0.5 + full VADER hist,logreg_l2_liblinear_C0.005_cwpos3.2,82,sentiment_neg,0.040465957077067675,0.040465957077067675,4
PTSD_label,best_ua,B0_rho05_vaderfull,B0: rho>0.5 + full VADER hist,logreg_l2_liblinear_C0.005_cwpos3.2,82,vader_hist_bin_10,0.0390078635703424,0.0390078635703424,5
PTSD_label,best_ua,B0_rho05_vaderfull,B0: rho>0.5 + full VADER hist,logreg_l2_liblinear_C0.005_cwpos3.2,82,first_person_sentiment_negative_vader,0.03886980936421676,0.03886980936421676,6
PTSD_label,best_ua,B0_rho05_vaderfull,B0: rho>0.5 + full VADER hist,logreg_l2_liblinear_C0.005_cwpos3.2,82,vader_pos_tail_mass,-0.038762555465531645,0.038762555465531645,7
PTSD_label,best_ua,B0_rho05_vaderfull,B0: rho>0.5 + full VADER hist,logreg_l2_liblinear_C0.005_cwpos3.2,82,first_person_sentiment_negative,0.0376887945941684,0.0376887945941684,8
PTSD_label,best_ua,B0_rho05_vaderfull,B0: rho>0.5 + full VADER hist,logreg_l2_liblinear_C0.005_cwpos3.2,82,vader_hist_bin_07,0.03701513597083989,0.03701513597083989,9
PTSD_label,best_ua,B0_rho05_vaderfull,B0: rho>0.5 + full VADER hist,logreg_l2_liblinear_C0.005_cwpos3.2,82,vader_hist_bin_22,-0.03485225836227864,0.03485225836227864,10
PTSD_label,best_ua,B0_rho05_vaderfull,B0: rho>0.5 + full VADER hist,logreg_l2_liblinear_C0.005_cwpos3.2,82,vader_hist_bin_04,0.03445561894441425,0.03445561894441425,11
PTSD_label,best_ua,B0_rho05_vaderfull,B0: rho>0.5 + full VADER hist,logreg_l2_liblinear_C0.005_cwpos3.2,82,vader_hist_bin_13,0.03432301655578812,0.03432301655578812,12
PTSD_label,best_ua,B0_rho05_vaderfull,B0: rho>0.5 + full VADER hist,logreg_l2_liblinear_C0.005_cwpos3.2,82,vader_hist_bin_01,0.03285956852773518,0.03285956852773518,13
PTSD_label,best_ua,B0_rho05_vaderfull,B0: rho>0.5 + full VADER hist,logreg_l2_liblinear_C0.005_cwpos3.2,82,vader_hist_bin_02,0.03099965938427819,0.03099965938427819,14
PTSD_label,best_ua,B0_rho05_vaderfull,B0: rho>0.5 + full VADER hist,logreg_l2_liblinear_C0.005_cwpos3.2,82,first_person_sentiment_positive,-0.030901397530112482,0.030901397530112482,15
PTSD_label,best_ua,B0_rho05_vaderfull,B0: rho>0.5 + full VADER hist,logreg_l2_liblinear_C0.005_cwpos3.2,82,vader_hist_bin_18,-0.03080407372262974,0.03080407372262974,16
PTSD_label,best_ua,B0_rho05_vaderfull,B0: rho>0.5 + full VADER hist,logreg_l2_liblinear_C0.005_cwpos3.2,82,vader_hist_bin_08,0.029916006462951634,0.029916006462951634,17
PTSD_label,best_ua,B0_rho05_vaderfull,B0: rho>0.5 + full VADER hist,logreg_l2_liblinear_C0.005_cwpos3.2,82,first_person_sentiment_overall,-0.02989992604768695,0.02989992604768695,18
PTSD_label,best_ua,B0_rho05_vaderfull,B0: rho>0.5 + full VADER hist,logreg_l2_liblinear_C0.005_cwpos3.2,82,sentiment_pos,-0.029796074236278388,0.029796074236278388,19
PTSD_label,best_ua,B0_rho05_vaderfull,B0: rho>0.5 + full VADER hist,logreg_l2_liblinear_C0.005_cwpos3.2,82,vader_hist_bin_20,-0.027263301318940864,0.027263301318940864,20
PTSD_label,best_ua,B0_rho05_vaderfull,B0: rho>0.5 + full VADER hist,logreg_l2_liblinear_C0.005_cwpos3.2,82,vader_hist_bin_21,-0.02686855106851126,0.02686855106851126,21
PTSD_label,best_ua,B0_rho05_vaderfull,B0: rho>0.5 + full VADER hist,logreg_l2_liblinear_C0.005_cwpos3.2,82,vader_hist_bin_03,0.02358186324571629,0.02358186324571629,22
PTSD_label,best_ua,B0_rho05_vaderfull,B0: rho>0.5 + full VADER hist,logreg_l2_liblinear_C0.005_cwpos3.2,82,vader_neutral_mass,0.02308722084628608,0.02308722084628608,23
PTSD_label,best_ua,B0_rho05_vaderfull,B0: rho>0.5 + full VADER hist,logreg_l2_liblinear_C0.005_cwpos3.2,82,vader_hist_bin_12,0.023056679788829946,0.023056679788829946,24
PTSD_label,best_ua,B0_rho05_vaderfull,B0: rho>0.5 + full VADER hist,logreg_l2_liblinear_C0.005_cwpos3.2,82,first_order_sentence_tangeniality_var,-0.022152092055543957,0.022152092055543957,25
PTSD_label,best_ua,B0_rho05_vaderfull,B0: rho>0.5 + full VADER hist,logreg_l2_liblinear_C0.005_cwpos3.2,82,first_person_percentage,0.02200758833048392,0.02200758833048392,26
PTSD_label,best_ua,B0_rho05_vaderfull,B0: rho>0.5 + full VADER hist,logreg_l2_liblinear_C0.005_cwpos3.2,82,num_one_word_phrases,0.02169040708440968,0.02169040708440968,27
PTSD_label,best_ua,B0_rho05_vaderfull,B0: rho>0.5 + full VADER hist,logreg_l2_liblinear_C0.005_cwpos3.2,82,phrase_repeat_percentage,-0.021537788181729526,0.021537788181729526,28
PTSD_label,best_ua,B0_rho05_vaderfull,B0: rho>0.5 + full VADER hist,logreg_l2_liblinear_C0.005_cwpos3.2,82,vader_hist_bin_23,-0.02105484909289827,0.02105484909289827,29
PTSD_label,best_ua,B0_rho05_vaderfull,B0: rho>0.5 + full VADER hist,logreg_l2_liblinear_C0.005_cwpos3.2,82,mean_pre_word_pause,0.0209332917906532,0.0209332917906532,30
PTSD_label,best_ua,B0_rho05_vaderfull,B0: rho>0.5 + full VADER hist,logreg_l2_liblinear_C0.005_cwpos3.2,82,speech_length_minutes,0.0207922969094818,0.0207922969094818,31
PTSD_label,best_ua,B0_rho05_vaderfull,B0: rho>0.5 + full VADER hist,logreg_l2_liblinear_C0.005_cwpos3.2,82,vader_hist_bin_06,0.020772757505789434,0.020772757505789434,32
PTSD_label,best_ua,B0_rho05_vaderfull,B0: rho>0.5 + full VADER hist,logreg_l2_liblinear_C0.005_cwpos3.2,82,sentiment_vader_pos,-0.020644348726356197,0.020644348726356197,33
PTSD_label,best_ua,B0_rho05_vaderfull,B0: rho>0.5 + full VADER hist,logreg_l2_liblinear_C0.005_cwpos3.2,82,turn_to_turn_tangeniality_slope,0.01845632072430202,0.01845632072430202,34
PTSD_label,best_ua,B0_rho05_vaderfull,B0: rho>0.5 + full VADER hist,logreg_l2_liblinear_C0.005_cwpos3.2,82,vader_hist_bin_14,-0.016914895847980668,0.016914895847980668,35
PTSD_label,best_ua,B0_rho05_vaderfull,B0: rho>0.5 + full VADER hist,logreg_l2_liblinear_C0.005_cwpos3.2,82,num_phrases,0.016899036495619992,0.016899036495619992,36
PTSD_label,best_ua,B0_rho05_vaderfull,B0: rho>0.5 + full VADER hist,logreg_l2_liblinear_C0.005_cwpos3.2,82,participant_utterance_count,0.016899036495619992,0.016899036495619992,37
PTSD_label,best_ua,B0_rho05_vaderfull,B0: rho>0.5 + full VADER hist,logreg_l2_liblinear_C0.005_cwpos3.2,82,vader_hist_bin_05,0.016839878818795125,0.016839878818795125,38
PTSD_label,best_ua,B0_rho05_vaderfull,B0: rho>0.5 + full VADER hist,logreg_l2_liblinear_C0.005_cwpos3.2,82,turn_to_turn_tangeniality_mean,0.015062342497041352,0.015062342497041352,39
PTSD_label,best_ua,B0_rho05_vaderfull,B0: rho>0.5 + full VADER hist,logreg_l2_liblinear_C0.005_cwpos3.2,82,first_person_sentiment_overall_vader,-0.014626825295380454,0.014626825295380454,40
PTSD_label,best_ua,B0_rho05_vaderfull,B0: rho>0.5 + full VADER hist,logreg_l2_liblinear_C0.005_cwpos3.2,82,sentiment_neu,0.013981957279262712,0.013981957279262712,41
PTSD_label,best_ua,B0_rho05_vaderfull,B0: rho>0.5 + full VADER hist,logreg_l2_liblinear_C0.005_cwpos3.2,82,sentiment_vader_neu,0.013362409189081813,0.013362409189081813,42
PTSD_label,best_ua,B0_rho05_vaderfull,B0: rho>0.5 + full VADER hist,logreg_l2_liblinear_C0.005_cwpos3.2,82,first_person_sentiment_positive_vader,-0.013229232888431041,0.013229232888431041,43
PTSD_label,best_ua,B0_rho05_vaderfull,B0: rho>0.5 + full VADER hist,logreg_l2_liblinear_C0.005_cwpos3.2,82,vader_hist_bin_11,0.012854813204658639,0.012854813204658639,44
PTSD_label,best_ua,B0_rho05_vaderfull,B0: rho>0.5 + full VADER hist,logreg_l2_liblinear_C0.005_cwpos3.2,82,vader_hist_bin_16,-0.012688828498922004,0.012688828498922004,45
PTSD_label,best_ua,B0_rho05_vaderfull,B0: rho>0.5 + full VADER hist,logreg_l2_liblinear_C0.005_cwpos3.2,82,second_order_sentence_tangeniality_mean,0.01231033766694687,0.01231033766694687,46
PTSD_label,best_ua,B0_rho05_vaderfull,B0: rho>0.5 + full VADER hist,logreg_l2_liblinear_C0.005_cwpos3.2,82,first_order_sentence_tangeniality_mean,0.012304179424922386,0.012304179424922386,47
PTSD_label,best_ua,B0_rho05_vaderfull,B0: rho>0.5 + full VADER hist,logreg_l2_liblinear_C0.005_cwpos3.2,82,mattr_5,0.012124287783977087,0.012124287783977087,48
PTSD_label,best_ua,B0_rho05_vaderfull,B0: rho>0.5 + full VADER hist,logreg_l2_liblinear_C0.005_cwpos3.2,82,syllables_per_min,-0.011977822507579512,0.011977822507579512,49
PTSD_label,best_ua,B0_rho05_vaderfull,B0: rho>0.5 + full VADER hist,logreg_l2_liblinear_C0.005_cwpos3.2,82,words_per_min,-0.011425331637962657,0.011425331637962657,50
PTSD_label,best_ua,B0_rho05_vaderfull,B0: rho>0.5 + full VADER hist,logreg_l2_liblinear_C0.005_cwpos3.2,82,mean_pause_variability,0.01115068452393872,0.01115068452393872,51
PTSD_label,best_ua,B0_rho05_vaderfull,B0: rho>0.5 + full VADER hist,logreg_l2_liblinear_C0.005_cwpos3.2,82,word_coherence_mean,0.0111103593289863,0.0111103593289863,52
PTSD_label,best_ua,B0_rho05_vaderfull,B0: rho>0.5 + full VADER hist,logreg_l2_liblinear_C0.005_cwpos3.2,82,vader_hist_bin_19,-0.011020839212684645,0.011020839212684645,53
PTSD_label,best_ua,B0_rho05_vaderfull,B0: rho>0.5 + full VADER hist,logreg_l2_liblinear_C0.005_cwpos3.2,82,num_one_word_turns,0.010841713662948628,0.010841713662948628,54
PTSD_label,best_ua,B0_rho05_vaderfull,B0: rho>0.5 + full VADER hist,logreg_l2_liblinear_C0.005_cwpos3.2,82,mattr_10,0.010274882740635271,0.010274882740635271,55
PTSD_label,best_ua,B0_rho05_vaderfull,B0: rho>0.5 + full VADER hist,logreg_l2_liblinear_C0.005_cwpos3.2,82,turn_to_previous_speaker_turn_similarity_mean,0.009819504410401917,0.009819504410401917,56
PTSD_label,best_ua,B0_rho05_vaderfull,B0: rho>0.5 + full VADER hist,logreg_l2_liblinear_C0.005_cwpos3.2,82,vader_hist_bin_17,0.009502153330749726,0.009502153330749726,57
PTSD_label,best_ua,B0_rho05_vaderfull,B0: rho>0.5 + full VADER hist,logreg_l2_liblinear_C0.005_cwpos3.2,82,semantic_perplexity_var,0.009474202841313981,0.009474202841313981,58
PTSD_label,best_ua,B0_rho05_vaderfull,B0: rho>0.5 + full VADER hist,logreg_l2_liblinear_C0.005_cwpos3.2,82,semantic_perplexity_mean,0.009134831269144264,0.009134831269144264,59
PTSD_label,best_ua,B0_rho05_vaderfull,B0: rho>0.5 + full VADER hist,logreg_l2_liblinear_C0.005_cwpos3.2,82,num_turns,0.009030093757827951,0.009030093757827951,60
PTSD_label,best_ua,B0_rho05_vaderfull,B0: rho>0.5 + full VADER hist,logreg_l2_liblinear_C0.005_cwpos3.2,82,turn_to_turn_tangeniality_var,0.008365345366304268,0.008365345366304268,61
PTSD_label,best_ua,B0_rho05_vaderfull,B0: rho>0.5 + full VADER hist,logreg_l2_liblinear_C0.005_cwpos3.2,82,mean_pre_turn_pause,0.008363663117976488,0.008363663117976488,62
PTSD_label,best_ua,B0_rho05_vaderfull,B0: rho>0.5 + full VADER hist,logreg_l2_liblinear_C0.005_cwpos3.2,82,speech_percentage,0.008141185380670381,0.008141185380670381,63
PTSD_label,best_ua,B0_rho05_vaderfull,B0: rho>0.5 + full VADER hist,logreg_l2_liblinear_C0.005_cwpos3.2,82,num_interrupts,-0.007964063997970911,0.007964063997970911,64
PTSD_label,best_ua,B0_rho05_vaderfull,B0: rho>0.5 + full VADER hist,logreg_l2_liblinear_C0.005_cwpos3.2,82,mattr_25,0.007876216974183286,0.007876216974183286,65
PTSD_label,best_ua,B0_rho05_vaderfull,B0: rho>0.5 + full VADER hist,logreg_l2_liblinear_C0.005_cwpos3.2,82,mattr_50,0.007418078720874554,0.007418078720874554,66
PTSD_label,best_ua,B0_rho05_vaderfull,B0: rho>0.5 + full VADER hist,logreg_l2_liblinear_C0.005_cwpos3.2,82,sentiment_vader_overall,0.007165642937320767,0.007165642937320767,67
PTSD_label,best_ua,B0_rho05_vaderfull,B0: rho>0.5 + full VADER hist,logreg_l2_liblinear_C0.005_cwpos3.2,82,prop_function_words,0.007002599027517831,0.007002599027517831,68
PTSD_label,best_ua,B0_rho05_vaderfull,B0: rho>0.5 + full VADER hist,logreg_l2_liblinear_C0.005_cwpos3.2,82,mattr_100,0.006956983768155527,0.006956983768155527,69
PTSD_label,best_ua,B0_rho05_vaderfull,B0: rho>0.5 + full VADER hist,logreg_l2_liblinear_C0.005_cwpos3.2,82,prop_verb_past,0.006292397030923837,0.006292397030923837,70
PTSD_label,best_ua,B0_rho05_vaderfull,B0: rho>0.5 + full VADER hist,logreg_l2_liblinear_C0.005_cwpos3.2,82,turn_to_previous_speaker_turn_similarity_var,0.0062721122436738665,0.0062721122436738665,71
PTSD_label,best_ua,B0_rho05_vaderfull,B0: rho>0.5 + full VADER hist,logreg_l2_liblinear_C0.005_cwpos3.2,82,turn_to_previous_speaker_turn_similarity_slope,-0.006121985070245294,0.006121985070245294,72
PTSD_label,best_ua,B0_rho05_vaderfull,B0: rho>0.5 + full VADER hist,logreg_l2_liblinear_C0.005_cwpos3.2,82,speech_length_words,0.005339542672133512,0.005339542672133512,73
PTSD_label,best_ua,B0_rho05_vaderfull,B0: rho>0.5 + full VADER hist,logreg_l2_liblinear_C0.005_cwpos3.2,82,vader_hist_entropy,0.0052903007314013175,0.0052903007314013175,74
PTSD_label,best_ua,B0_rho05_vaderfull,B0: rho>0.5 + full VADER hist,logreg_l2_liblinear_C0.005_cwpos3.2,82,mean_turn_length_words,-0.0052277057772073246,0.0052277057772073246,75
PTSD_label,best_ua,B0_rho05_vaderfull,B0: rho>0.5 + full VADER hist,logreg_l2_liblinear_C0.005_cwpos3.2,82,word_repeat_percentage,-0.003176173720055953,0.003176173720055953,76
PTSD_label,best_ua,B0_rho05_vaderfull,B0: rho>0.5 + full VADER hist,logreg_l2_liblinear_C0.005_cwpos3.2,82,mean_phrases_per_turn,0.0021804595075129427,0.0021804595075129427,77
PTSD_label,best_ua,B0_rho05_vaderfull,B0: rho>0.5 + full VADER hist,logreg_l2_liblinear_C0.005_cwpos3.2,82,mean_turn_length_minutes,0.0020003394672574873,0.0020003394672574873,78
PTSD_label,best_ua,B0_rho05_vaderfull,B0: rho>0.5 + full VADER hist,logreg_l2_liblinear_C0.005_cwpos3.2,82,second_order_sentence_tangeniality_var,-0.00197635325476651,0.00197635325476651,79
PTSD_label,best_ua,B0_rho05_vaderfull,B0: rho>0.5 + full VADER hist,logreg_l2_liblinear_C0.005_cwpos3.2,82,vader_hist_bin_15,-0.0008208222193267519,0.0008208222193267519,80
PTSD_label,best_ua,B0_rho05_vaderfull,B0: rho>0.5 + full VADER hist,logreg_l2_liblinear_C0.005_cwpos3.2,82,speaker_percentage,-0.00039086308370575335,0.00039086308370575335,81
PTSD_label,best_ua,B0_rho05_vaderfull,B0: rho>0.5 + full VADER hist,logreg_l2_liblinear_C0.005_cwpos3.2,82,vader_hist_bin_09,4.756547717064891e-05,4.756547717064891e-05,82
